4;Bande dessine adulte;428;Une jeunesse au Moyen-Orient, 1978-1984;Sattouf, Riad
8;Livre adulte;298;Meursault, contre-enqute [Texte imprim];Daoud, Kamel
11;Nouveaut;248;L'amour et les forts [texte imprim] : roman;Reinhardt, ric
16;Nouveaut musique;196;Chaleur humaine [enregistrement sonore];Christine and the Queens
20;DVD tous publics;186;Hippocrate [Images animes];
33;DVD nouveauts tous publics;147;Interstellar [Images animes];
40;DVD nouveauts tous publics;139;La famille Blier [Images animes];
42;DVD tous publics;138;Gemma Bovery [Images animes];
48;Livre adulte;132;Juste une mauvaise action [Texte imprim];George, Elizabeth
49;;131;Mditer, jour aprs jour : 25 leons pour vivre en pleine conscience;Andr, Christophe
60;Nouveaut;118;Constellation [Texte imprim];Bosc, Adrien
73;DVD tous publics;111;Deux jours, une nuit [Images animes];
86;Bande dessine adulte;105;Guerre totale;Kirkman, Robert
90;DVD tous publics;101;3 coeurs [Images animes];
96;Livre jeunesse;97;Trop c'est trop;Kinney, Jeff
102;DVD tous publics;94;9 mois ferme [Images animes];
105;Livre jeunesse;91;Journal d'un dgonfl. 1. Carnet de bord de Greg Heffley;Kinney, Jeff
106;DVD jeunesse;91;Le vent se lve [Images animes];
112;Livre adulte;89;Londres [Texte imprim];Gloaguen, Philippe
116;Livre adulte;88;Houellebecq conomiste [Texte imprim];Maris, Bernard
119;Livre adulte;86;Sicile [Texte imprim] : 2015;Gloaguen, Philippe
128;;83;Manderley for ever [Texte imprim];Rosnay, Tatiana de
154;Bande dessine adulte;78;Magasin gnral. 9. Notre-Dame-des-Lacs;Loisel, Rgis
155;Bande dessine jeunesse;78;L'exode de Kalandre [Texte imprim];Sobral, Patrick
157;Livre ado;77;Hunger games [Texte imprim];Collins, Suzanne
158;DVD tous publics;77;Tel pre, tel fils [Images animes];
160;DVD tous publics;77;Maestro [Images animes];
161;Nouveaut;76;Hlose, ouille ! [Texte imprim];Teul, Jean
167;;75;Cinquante nuances plus claires : roman;James, E.L.
172;Bande dessine ado;74;J'irai o tu iras [Texte imprim];Lyfoung, Patricia
175;DVD tous publics;73;L'homme qu'on aimait trop [Images animes];
188;Livre jeunesse;69;Le feuilleton d'Herms [Texte imprim] : la mythologie grecque en cent pisodes;Szac, Murielle
191;DVD tous publics;69;Game of Thrones [Images animes] : saison 3;
193;;68;A Most Violent Year [Images animes];
199;Bande dessine jeunesse;67;L'Alystory [Texte imprim];Sobral, Patrick
200;DVD tous publics;67;Laurence Anyways [Images animes];
205;Bande dessine jeunesse;66;Versus inferno;Sobral, Patrick
207;Livre jeunesse;66;La maison d'Hads [Texte imprim];Riordan, Rick
210;Bande dessine adulte;65;Un ocan d'amour [Texte imprim];Lupano
214;Nouveaut;64;Bridget Jones [Texte imprim] : folle de lui : roman;Fielding, Helen
224;Livre adulte;62;Ce qui reste de nos vies [Texte imprim];Shalev, Zeruya
227;Bande dessine adulte;61;Grasse carcasse;Larcenet, Manu
241;DVD tous publics;60;Game of Thrones [Images animes] : saison 2;
243;Livre adulte;60;Italie du Nord [Texte imprim] : 2014;Gloaguen, Philippe
248;DVD tous publics;60;Edge of Tomorrow [Images animes];
252;Livre adulte;59;Dora Bruder [Texte imprim];Modiano, Patrick
262;DVD tous publics;59;Le sel de la terre [Images animes] : un voyage avec Sebastio Salgado;
265;;58;Le livre d'Hector [Texte imprim];Chamblain, Joris
279;DVD tous publics;57;Wrong Cops [Images animes];
280;Livre adulte;57;Italie du Sud [texte imprim];
285;Livre adulte;56;On ne voyait que le bonheur [Texte imprim];Delacourt, Grgoire
305;Nouveaut musique;53;Shake shook shaken [Enregistrement sonore];
308;Nouveaut;52;Le sicle;Follett, Ken
311;Bande dessine jeunesse;52;Tout a finira mal;Tan
320;DVD tous publics;51;Apprenti gigolo [Images animes];
321;Nouveaut;50;Check point : roman;Rufin, Jean-Christophe
327;Livre jeunesse;50;Mortelle Adle. 2. L'enfer c'est les autres;Tan
328;DVD tous publics;50;Sous les jupes des filles [Images animes];
337;DVD tous publics;49;L'enlvement de Michel Houellebecq [Images animes];
340;Bande dessine jeunesse;48;Chi, une vie de chat. 1;Konami, K.
341;Livre jeunesse;48;Coeur cerise;Cassidy, Cathy
349;DVD > 12 ans;48;The Rover [Images animes];
364;DVD > 12 ans;47;Engrenages. Saison 5 [images animes];
367;Livre adulte;46;Loin de la foule dchane;Hardy, Thomas
371;Livre adulte;46;Trauma [Texte imprim];Sund, Erik Axl
384;Livre jeunesse;45;Mortelle Adle. 5. Poussez-vous les moches;Tan
386;Livre adulte;45;Sicile [Texte imprim] : 2014;Gloaguen, Philippe
392;Livre adulte;44;Les mots sont des fenetres (ou bien ce sont des murs) [Texte imprim] : introduction  la communication non violente;Rosenberg, Marshall B.
393;Bande dessine jeunesse;44;Idylles [Texte imprim];Neel, Julien
397;Livre adulte;44;Les filles au chocolat. 3. Coeur mandarine;Cassidy, Cathy
399;DVD tous publics;44;Mud [Images animes];
400;DVD tous publics;44;Casse-tte chinois [Images animes];
405;DVD tous publics;44;Party Girl [Images animes];
407;DVD tous publics;43;Mad men. Intgrale Saison 1 [Images animes];
410;Livre adulte;43;Ne lche pas ma main : roman;Bussi, Michel
415;Livre adulte;43;N'teins pas la lumire [Texte imprim] : thriller;Minier, Bernard
416;Livre adulte;43;Japon [Texte imprim];Bornoff, Nicholas
419;DVD tous publics;43;La plante des singes [Images animes] : L'affrontement;
433;DVD tous publics;42;Girls [Images animes];
439;Livre adulte;41;1984 [Texte imprim];Orwell, George
445;Livre adulte;41;L'identit malheureuse [Texte imprim];Finkielkraut, Alain
453;DVD tous publics;41;D'une vie  l'autre [Images animes];
454;DVD tous publics;41;Transcendance [Images animes];
456;DVD tous publics;40;The fall. Saison 2 [Images animes];
467;Livre adulte;40;L'lue : roman;Cass, Kiera
483;Bande dessine jeunesse;38;Seuls. 2. Le matre des couteaux [Texte imprim];Gazzotti, Bruno
488;Livre adulte;38;Vegan;Laforet, Marie
500;CD adulte;37;Elor [Enregistrement sonore];Dominique A
506;Livre jeunesse;37;La guerre des clans : le pouvoir des toiles. 2. Rivire noire;Hunter, Erin
507;;37;Vert meraude;Gier, Kerstin
522;Livre adulte;36;Mauvaise fille;Lvy, Justine
524;Nouveaut;36;Nymphas noirs : roman;Bussi, Michel
528;DVD tous publics;36;Moi, moche et mchant 2 [Images animes];
536;Nouveaut;36;La voix de la Terre [Texte imprim];Werber, Bernard
541;DVD tous publics;36;La danza de la realidad [Images animes];
550;DVD tous publics;35;La nuit au muse [Images animes];Levy, Shawn
558;;35;Un t  Osage County [Images animes];
562;Livre adulte;35;Karpathia [Texte imprim];Menegoz, Mathias
582;Livre adulte;34;Et n'oublie pas d'tre heureux [Texte imprim] : abcdaire de psychologie positive;Andr, Christophe
586;Bande dessine jeunesse;34;Naruto [Texte imprim]. 64;Kishimoto, Masashi
509;Livre adulte;37;Italie du Sud [Texte imprim] : sans Rome ni la Sicile : 2014;Gloaguen, Philippe
510;Livre adulte;37;Andalousie [Texte imprim] : 2014;Gloaguen, Philippe
518;Livre adulte;36;Ne tirez pas sur l'oiseau moqueur [Texte imprim] : roman;Lee, Harper
521;Revue adulte;36;Le Point [texte imprim];
526;Nouveaut;36;Le vieux qui ne voulait pas fter son anniversaire : roman;Jonasson, Jonas
532;DVD > 12 ans;36;A Touch of Sin [Images animes];
537;Livre adulte;36;Tromper la mort [Texte imprim];Rivire, Maryse
548;Livre adulte;35;L'art de la joie [Texte imprim];Sapienza, Goliarda
552;Revue adulte;35;60 millions de consommateurs [texte imprim] : le magazine sans publicit;
555;Numrique et multimdia adulte;35;Liseuse Sony 3 Louvre [Ressource lectronique];
559;Livre adulte;35;Pass imparfait [Texte imprim];Fellowes, Julian
560;DVD tous publics;35;Barbecue [Images animes];
566;Livre adulte;35;Italie du Nord [Texte imprim] : 2015 : sans les lacs italiens, Venise et Milan;Gloaguen, Philippe
569;Nouveaut;35;Les luminaires [Texte imprim];Catton, Eleanor
578;DVD tous publics;34;Breaking bad [Images animes] : saison 3 ; Bryan Cranston, Aaron Paul act.
590;;34;La bibliothque des coeurs cabosss [Texte imprim];Bivald, Katarina
591;Livre adulte;34;Lisbonne [texte imprim];Gloaguen, Philippe
598;Bande dessine jeunesse;33;Aya de Yopougon. 6;Abouet, Marguerite
605;DVD tous publics;33;Elle s'en va [Images animes];
615;;33;Les vnements [Texte imprim];Rolin, Jean
620;DVD nouveauts tous publics;32;Respire [Images animes];
622;DVD tous publics;32;Kiki la petite sorcire [Images animes];Miyazaki, Hayao
624;Bande dessine ado;32;Mortebouse [Texte imprim];Neel, Julien
628;Livre adulte;32;60 activits Montessori pour mon bb : 0-2 ans : prparer son univers, l'veiller et l'aider  faire seul;Place, Marie-Hlne
636;DVD tous publics;32;Homeland. intgrale de la saison 3. pisodes 7  12 [Images animes];
653;Livre adulte;31;Retour  Reims [Texte imprim];Eribon, Didier
655;Bande dessine jeunesse;31;Au coeur du maelstrm;Vehlmann, Fabien
658;Livre jeunesse;31;Harry Potter et l'ordre du Phnix;Rowling, Joanne Kathleen
667;Bande dessine jeunesse;31;Chi, une vie de chat [Texte imprim]. 10;Konami, Kanata
669;Nouveaut;31;Price [Texte imprim];Tesich, Steve
675;DVD tous publics;31;Adieu au langage [Images animes];
677;CD adulte;31;Black Messiah [enregistrement sonore];
684;Bande dessine adulte;30;Maus [Texte imprim] : un survivant raconte;Spiegelman, Art
685;DVD tous publics;30;Le ballon blanc [Images animes];Panahi, Jafar
688;DVD tous publics;30;Breaking bad. Saison 1. pisodes 1  6 [Images animes];
692;Bande dessine jeunesse;30;Un namour de sister;Maury, William
694;Bande dessine adulte;30;Magasin gnral. 8 [Texte imprim];Loisel, Rgis
696;Livre adulte;30;Berlin : 2013;Gloaguen, Philippe
701;Livre adulte;30;Crte [Texte imprim] : 2014-2015;Gloaguen, Philippe
710;Bande dessine ado;29;Naruto. 2 [Texte imprim];Kishimoto, Masashi
711;Bande dessine adulte;29;Quai d'Orsay : chroniques diplomatiques. 1;Blain, Christophe
714;Nouveaut;29;Petite Poucette : le monde a tellement chang que les jeunes doivent tout rinventer : une manire de vivre ensemble, des institutions, une manire d'tre et de connatre...;Serres, Michel
717;Bande dessine jeunesse;29;La reine du collge;Tessier, Grgory
720;CD jeunesse;29;Lve [Enregistrement sonore];Dor, Julien
722;DVD tous publics;29;Michael Kohlhaas [Images animes];
723;Livre adulte;29;Californie [Texte imprim] : 2014;Gloaguen, Philippe
727;Livre adulte;29;Rome [texte imprim];Garwood, Duncan
728;DVD tous publics;29;The Spectacular Now [Images animes];
733;DVD tous publics;29;La belle vie [Images animes];
734;DVD tous publics;29;22 Jump Street [Images animes];
743;Livre adulte;28;Les cureuils de Central Park sont tristes le lundi : roman [Texte imprim];Pancol, Katherine
746;Livre jeunesse;28;Le feuilleton de Thse : la mythologie grecque en cent pisodes;Szac, Murielle
747;Livre jeunesse;28;Le hros perdu;Riordan, Rick
751;;28;Un prince  croquer. 2. Plat;Lyfoung, Patricia
752;Livre adulte;28;Rome [Texte imprim] : 2014;Gloaguen, Philippe
755;Nouveaut;28;L'appel du coucou [Texte imprim];Galbraith, Robert
758;Bande dessine jeunesse;28;Blue spring ride [Texte imprim]. 5;Sakisaka, Io
761;Nouveaut;28;L'alle du sycomore [Texte imprim];Grisham, John
765;Livre adulte;28;L'le du Point Nmo [Texte imprim];Blas de Robls, Jean-Marie
768;Livre adulte;28;Du sang sur la Baltique [Texte imprim] : roman;Sten, Viveca
770;Livre adulte;28;Attaquer le soleil [texte imprim] : [Exposition, Paris, Muse d'Orsay, 14 octobre 2014-25 janvier 2015];
781;Livre ado;27;After. 3. After we fell;Todd, Anna
794;Livre adulte;27;Petit trait de manipulation  l'usage des honntes gens [Texte imprim];Joule, Robert-Vincent
801;Bande dessine jeunesse;27;Un couple d'enfer;Delaf
805;Bande dessine jeunesse;27;Les trois baudets;Guibert, Emmanuel
808;Livre jeunesse;27;Pnombre [Texte imprim] : le pouvoir des toiles;Hunter, Erin
811;DVD tous publics;27;Downton Abbey. Saison 3. Episodes 1  5 [Images animes];
814;Livre adulte;27;Pays basque (France, Espagne), Barn [Texte imprim] : 2014-2015;Gloaguen, Philippe
818;Livre adulte;27;Terminus radieux [Texte imprim];Volodine, Antoine
823;Livre adulte;27;Permaculture [Texte imprim] : gurir la Terre, nourrir les hommes;Herv-Gruyer, Perrine
824;CD adulte;27;Nothing has changed [Enregistrement sonore];Bowie, David
827;DVD jeunesse;26;Si tu tends l'oreille Mimi wo sumaseba [Images animes];
830;Bande dessine ado;26;Aux prises avec baggy et ses hommes ! [Texte imprim];Oda, Eiichiro
835;Livre jeunesse;26;Crpuscule;Hunter, Erin
839;;26;Le grand Coeur [Texte imprim] : roman;Rufin, Jean-Christophe
840;CD adulte;26;Moonrise Kingdom [Images animes];
848;Nouveaut;26;Moment d'un couple [Texte imprim];Alard, Nelly
852;DVD tous publics;26;Il tait temps [Images animes];
853;DVD tous publics;26;Masters of Sex [Images animes];
856;Livre adulte;26;L'essentiel du Japon [Texte imprim];
860;DVD tous publics;26;Rio 2 [Images animes];
862;Bande dessine jeunesse;26;Love so life [Texte imprim]. 10;Kouchi, Kaede
875;Livre adulte;25;Iles grecques et Athnes [Texte imprim] : sans la Crte et les les Ioniennes;Gloaguen, Philippe
881;Livre adulte;25;Dora Bruder [Texte imprim];Modiano, Patrick
891;Livre adulte;25;Mditer pour ne plus dprimer : la pleine conscience, une mthode pour vivre mieux;
895;DVD tous publics;25;A Dangerous Method [Images animes];
901;Livre adulte;25;Danemark, Sude : 2013-2014;Gloaguen, Philippe
911;Bande dessine adulte;25;Saga [Texte imprim]. 3;Vaughan, Brian K.
912;Livre adulte;25;L'intestin, notre deuxime cerveau [Texte imprim];Joly, Francisca
923;;25;Voyage de classes [Texte imprim] : des tudiants de Seine-Saint-Denis enqutent dans les beaux quartiers;Jounin, Nicolas
927;Nouveaut;25;Six fourmis blanches [Texte imprim];Collette, Sandrine
930;Nouveaut;24;Avis non autoriss... [Texte imprim];Hardy, Franoise
937;DVD tous publics;24;Bamako [Images animes];Sissako, Abderrahmane
941;Livre adulte;24;Les particules lmentaires [Texte imprim];Houellebecq, Michel
942;Livre adulte;24;Rien de grave [Texte imprim] : roman;Lvy, Justine
945;Livre jeunesse;24;Chute libre;Muchamore, Robert
953;Livre adulte;24;Ecosse : 2013-2014;Gloaguen, Philippe
956;Nouveaut;24;Esprit d'hiver [Texte imprim];Kasischke, Laura
960;Nouveaut;24;S'abandonner  vivre [Texte imprim];Tesson, Sylvain
963;Livre adulte;24;Sept annes de bonheur [Texte imprim];Keret, Etgar
5;;381;Temps glaciaires [Texte imprim];Vargas, Fred
17;DVD tous publics;194;The Grand Budapest Hotel [Images animes];
21;Livre ado;182;La terre brle;Dashner, James
22;DVD tous publics;179;Qu'est-ce qu'on a fait au Bon Dieu? [Images animes];
32;Livre adulte;149;Muchachas : roman. 3 [Texte imprim];Pancol, Katherine
35;Nouveaut;147;Le suicide franais : ces quarante annes qui ont dfait la France;Zemmour, ric
44;DVD tous publics;137;Gone girl [Images animes];
46;Nouveaut;135;Elle et lui [Texte imprim] : roman;Lvy, Marc
47;Livre adulte;135;Japon [texte imprim];
51;DVD tous publics;130;Le loup de Wall Street [Images animes];
55;DVD tous publics;121;Tom  la ferme [Images animes];
64;DVD tous publics;114;Ida [Images animes];
65;DVD tous publics;114;Une nouvelle amie [Images animes];
67;;113;Divergente : diffrente, dtermine, dangereuse. 2;Roth, Veronica
70;DVD tous publics;112;Jimmy's Hall [Images animes];
72;DVD tous publics;111;Her [Images animes];
76;Livre adulte;110;Angor [Texte imprim];Thilliez, Franck
78;Livre adulte;109;Ca peut pas rater;Legardinier, Gilles
80;DVD tous publics;108;12 Years A Slave [Images animes];
99;;95;Berezina [Texte imprim] : en side-car avec Napolon;Tesson, Sylvain
101;;94;La vrit toute moche : grandir ou ne pas grandir, telle est la question !;Kinney, Jeff
103;DVD tous publics;92;Downton Abbey. Saison 3 [Images animes];
108;;90;Cinquante nuances plus sombres : roman;James, E.L.
115;DVD tous publics;88;Dallas Buyers Club [Images animes];
118;DVD tous publics;86;Samba [Images animes];
121;Livre ado;85;La rvolte;Collins, Suzanne
123;;85;Amours [Texte imprim] : roman;Rcondo, Lonor de
124;DVD tous publics;85;Un Homme trs recherch [Images animes];
126;Livre adulte;84;New York + Brooklyn [Texte imprim];Gloaguen, Philippe
129;Livre adulte;83;Le fils [Texte imprim] : roman;Meyer, Philipp
133;Nouveaut;82;Dans la ville en feu [Texte imprim] : roman;Connelly, Michael
142;Livre adulte;81;Amsterdam et ses environs [Texte imprim] : Rotterdam, Delft et La Haye;Gloaguen, Philippe
143;DVD tous publics;81;Downton Abbey [Images animes];
149;Nouveaut;79;Bad girl [Texte imprim] : classes de littrature;Huston, Nancy
153;DVD tous publics;78;Pas son genre [Images animes];
159;DVD tous publics;77;Only Lovers Left Alive [Images animes];
166;Bande dessine jeunesse;75;Le rveil du Kra-Kaos [Texte imprim];Sobral, Patrick
170;Livre adulte;75;Hrtiques [Texte imprim];Padura Fuentes, Leonardo
171;DVD tous publics;75;Bates Motel [Images animes];
179;Bande dessine jeunesse;71;Chi, une vie de chat. 2;Konami, K.
185;DVD tous publics;70;Le labyrinthe [Images animes];
186;Livre adulte;69;La magie du rangement [Texte imprim];Kondo, Marie
194;Bande dessine jeunesse;68;Griffes et plumes [Texte imprim];Sobral, Patrick
202;DVD tous publics;67;Blue Jasmine [Images animes];
204;CD adulte;67;Alain Souchon & Laurent Voulzy [Enregistrement sonore];Souchon, Alain
208;Livre adulte;66;Et dans l'ternit, je ne m'ennuierai pas [Texte imprim] : souvenirs;Veyne, Paul
211;Bande dessine jeunesse;64;Le cycle d'Anathos : renaissance;Sobral, Patrick
222;DVD tous publics;62;J'ai tu ma mre [images animes];
223;Livre adulte;62;Iles grecques et Athnes [Texte imprim];
229;Bande dessine jeunesse;61;Sang royal;Sobral, Patrick
232;;61;Les Lgendaires. 15. Amour mortel;Sobral, Patrick
235;Nouveaut;61;Vivre vite [Texte imprim];Besson, Philippe
237;CD adulte;60;Vulnicura [Enregistrement sonore];Bjrk
244;DVD tous publics;60;Jimmy P. [Images animes];
245;DVD tous publics;60;Gravity [Images animes];
250;Nouveaut;60;Un hiver  Paris [Texte imprim];Blondel, Jean-Philippe
258;Livre jeunesse;59;Mortelle Adle. 3. C'est pas ma faute !;Tan
270;Nouveaut;58;Ptronille [Texte imprim] : roman;Nothomb, Amlie
276;Bande dessine ado;57;Je veux que tu m'aimes ! [Texte imprim];Lyfoung, Patricia
286;;56;Canaries [Texte imprim];Gloaguen, Philippe
294;Livre adulte;55;Devenir soi [Texte imprim] : prenez le pouvoir sur votre vie !;Attali, Jacques
295;Bande dessine adulte;54;Chroniques birmanes [Texte imprim];Delisle, Guy
306;;53;After [Texte imprim]. 1;Todd, Anna
312;Livre ado;52;Divergente : diffrente, dtermine, dangereuse. 2;Roth, Veronica
319;Livre en langue trangre;51;Americanah [Texte imprim];Adichie, Chimamanda Ngozi
332;DVD tous publics;50;Samba [Images animes];
352;DVD tous publics;48;National Gallery [Images animes];
353;DVD nouveauts tous publics;47;Le Hobbit [Images animes];
359;Nouveaut;47;Pour les musulmans [Texte imprim];Plenel, Edwy
361;DVD jeunesse;47;A la recherche de Vivian Maier [Images animes];
363;Livre adulte;47;Trompe-la-mort [Texte imprim];Guenassia, Jean-Michel
368;Nouveaut;46;Les souvenirs;Foenkinos, David
380;Bande dessine adulte;46;Little Tulip [Texte imprim];Charyn, Jrme
382;DVD tous publics;46;Le beau monde [Images animes];
383;DVD jeunesse;45;Asterix et le domaine des dieux [Images animes];
389;Nouveaut;45;Le mtorologue [Texte imprim];Rolin, Olivier
398;;44;Immortelle randonne : Compostelle malgr moi;Rufin, Jean-Christophe
402;DVD tous publics;44;My sweet pepper land [Images animes];
404;Livre adulte;44;Mourir sur Seine [Texte imprim];Bussi, Michel
413;Bande dessine jeunesse;43;Les Lgendaires [Texte imprim]. 16. L'ternit ne dure qu'un temps;Sobral, Patrick
417;Livre adulte;43;Sigmund Freud en son temps et dans le ntre [Texte imprim];Roudinesco, Elisabeth
428;DVD tous publics;42;La Vnus  la fourrure [Images animes];
431;DVD tous publics;42;The Good Wife [Images animes];
436;Bande dessine adulte;41;Sains et saufs ? [Texte imprim];Kirkman, Robert
437;Bande dessine adulte;41;Pyongyang [Texte imprim];Delisle, Guy
441;;41;Demain, j'arrte;Legardinier, Gilles
449;DVD tous publics;41;Boardwalk Empire [Images animes]. Saison 4;
450;Livre adulte;41;Peine perdue [Texte imprim];Adam, Olivier
452;Nouveaut;41;Pars avec lui [Texte imprim];Ledig, Agns
458;DVD tous publics;40;Borgen [Images animes];
459;Bande dessine jeunesse;40;Les terres basses;Vehlmann, Fabien
462;Livre jeunesse;40;Les filles au chocolat. 3.5. Coeur sal;Cassidy, Cathy
463;Livre adulte;40;Amsterdam et ses environs [Texte imprim] : 2014 : + Rotterdam, Delft et La Haye;Gloaguen, Philippe
464;Livre adulte;40;Londres [texte imprim];
466;DVD tous publics;40;Homeland. intgrale de la saison 3. pisodes 1  6 [Images animes];
474;DVD > 12 ans;39;Django Unchained [Images animes];
477;Nouveaut musique;39;Racine carre [enregistrement sonore];Stromae
479;Livre adulte;39;Entre mes mains le bonheur se faufile [Texte imprim];Martin-Lugand, Agns
485;Livre adulte;38;Iles grecques et Athnes : sans la Crte et les les Ioniennes : 2013-2014;Gloaguen, Philippe
491;;38;Mon retour en France [Texte imprim];Tardi, Jacques
369;;46;La sirne;Lckberg, Camilla
373;Nouveaut;46;La vie en mieux [Texte imprim] : deux histoires;Gavalda, Anna
379;Livre adulte;46;La nouvelle socit du cot marginal zro [Texte imprim] : l'Internet des objets, l'mergence des communaux collaboratifs et l'clipse du capitalisme;Rifkin, Jeremy
381;;46;Baronne Blixen [Texte imprim] : roman;Saint Pern, Dominique de
387;DVD tous publics;45;Suzanne [Images animes];
388;Bande dessine jeunesse;45;Pas de piti pour les nazebroques ! [Texte imprim];Tan
391;Nouveaut musique;44;Chambre 12 [enregistrement sonore];Louane
395;Livre adulte;44;Le problme Spinoza;Yalom, Irvin D.
403;CD adulte;44;Au pays d'Alice... [Enregistrement sonore];Maalouf, Ibrahim
420;DVD tous publics;43;Pride [Images animes];
421;Livre adulte;42;Antimanuel d'conomie. 1. Les fourmis [Texte imprim];Maris, Bernard
422;Nouveaut;42;Apocalypse bb;Despentes, Virginie
424;Bande dessine jeunesse;42;Les nombrils. 6. Un t trop mortel !;Delaf
425;DVD > 12 ans;42;Prisoners [Images animes];
427;DVD tous publics;42;The Americans [Images animes];
435;DVD tous publics;41;Harry Potter et le prisonnier d'Azkaban [Images animes];Cuaron, Alfonso
438;DVD tous publics;41;Sur coute [Images animes] : Intgrale Saison 1;
440;Livre adulte;41;L'enfant allemand;Lckberg, Camilla
446;Livre adulte;41;Zro dchet : comment j'ai ralis 40 % d'conomie en rduisant mes dchets  moins de 1 litre par an ! : 100 astuces pour allger sa vie;Johnson, Bea
457;Livre jeunesse;40;La guerre des clans : le pouvoir des toiles. 1. Vision;Hunter, Erin
470;DVD tous publics;40;De l'autre ct du mur [Images animes];
480;DVD tous publics;39;Supercondriaque [Images animes];
481;Livre adulte;39;Les temps sauvages [Texte imprim];Manook, Ian
484;Livre jeunesse;38;Journal d'un dgonfl : carnet de bord de Greg Heffley;Kinney, Jeff
486;Livre adulte;38;Toscane, Ombrie [texte imprim];Gloaguen, Philippe
487;Livre jeunesse;38;Coeur vanille [Texte imprim];Cassidy, Cathy
489;Bande dessine jeunesse;38;Fairy Tail [Texte imprim]. 39;Mashima, Hiro
494;DVD tous publics;38;Palo Alto [Images animes];
498;Nouveaut;37;After. 2. After we collided;Todd, Anna
504;Livre adulte;37;Le trne de fer : l'intgrale. 1;Martin, George R.R.
511;DVD jeunesse;37;Dragons 2 [Images animes];
517;DVD tous publics;36;Naissance des pieuvres [Images animes];Sciamma, Cline
520;Bande dessine jeunesse;36;Le clan du requin [Texte imprim];Gazzotti, Bruno
525;DVD tous publics;36;Breaking bad. Saison 2 [Images animes];
529;Livre ado;36;Le spectre de la Bastille [Texte imprim]. 1;Lyfoung, Patricia
530;DVD tous publics;36;Broadchurch [Images animes] : saison 1;
531;Livre jeunesse;36;Soleil levant [Texte imprim];Hunter, Erin
535;DVD tous publics;36;Tonnerre [Images animes];
538;Nouveaut;36;Que ta volont soit faite [Texte imprim];Chattam, Maxime
539;Nouveaut musique;36;Girls in peacetime want to dance [enregistrement sonore];
545;Nouveaut;35;Les ombres de Katyn [Texte imprim];Kerr, Philip
546;DVD tous publics;35;Timbuktu [Images animes];
547;CD adulte;35;Epitaph [Enregistrement sonore];
554;Bande dessine jeunesse;35;Un talent monstre ! [Texte imprim];Tan
570;DVD tous publics;35;Tu veux ou tu veux pas [Images animes];
571;Bande dessine adulte;34;Aya de Yopougon. 1 [Texte imprim];Abouet, Marguerite
574;Livre adulte;34;Les lieux sombres : roman;Flynn, Gillian
575;DVD tous publics;34;Harry Potter et les reliques de la mort [Images animes];
579;DVD tous publics;34;Mad men [Images animes] : saison 4 ; David Carbonara, comp. ; Jon Hamm, January Jones, Christina Hendricks... [et al.], act.
581;Nouveaut;34;La garonnire [Texte imprim];Grmillon, Hlne
583;DVD tous publics;34;Jacky au royaume des filles [Images animes];
585;Nouveaut;34;Oona & Salinger [Texte imprim] : roman;Beigbeder, Frdric
593;CD adulte;33;Rebel heart [enregistrement sonore];Madonna
597;DVD tous publics;33;Harry Potter et l'Ordre du Phnix [images animes];
608;DVD tous publics;33;Lulu femme nue [Images animes];
611;Nouveaut;33;Autour du monde [Texte imprim] : roman;Mauvignier, Laurent
616;CD adulte;33;Uptown special [enregistrement sonore];Ronson, Mark
626;DVD jeunesse;32;Moi, moche et mchant [Images animes];
632;Livre adulte;32;Aprs la guerre [Texte imprim];Le Corre, Herv
634;Livre adulte;32;Catharsis [Texte imprim];Sund, Erik Axl
635;Nouveaut;32;Une dernire danse [Texte imprim];Hislop, Victoria
639;DVD tous publics;32;Joe [Images animes];
642;DVD tous publics;32;Les vacances du petit Nicolas [Images animes];
645;DVD tous publics;32;Le rle de ma vie [Images animes];
647;Nouveaut musique;31;Homeland [enregistrement sonore];Zahra, Hindi
648;Bande dessine ado;31;Naruto. 4 [Texte imprim];Kishimoto, Masashi
649;Livre adulte;31;La possibilit d'une le [Texte imprim];Houellebecq, Michel
652;Livre adulte;31;Suite franaise [Texte imprim] : roman;Nmirovsky, Irne
660;Livre adulte;31;Calme et attentif comme une grenouille : la mditation pour les enfants... avec leurs parents [Enregistrement sonore];Snel, Eline
663;DVD tous publics;31;Happiness Therapy [Images animes];
683;DVD tous publics;30;Le chteau ambulant [Images animes];Miyazaki, Hayao
687;Bande dessine adulte;30;Aya de Yopougon. 5;Abouet, Marguerite
689;Nouveaut;30;1Q84. 2. Juillet-septembre;Murakami, Haruki
690;Nouveaut;30;Limonov;Carrre, Emmanuel
697;DVD tous publics;30;Lincoln [Images animes];
707;Bande dessine adulte;29;Aya de Yopougon. 3 [Texte imprim];Abouet, Marguerite
709;DVD tous publics;29;Harry Potter et la coupe de feu [Images animes];Newell, Mike
721;DVD tous publics;29;Ma vie avec Liberace [Images animes];
735;Nouveaut;28;La vie des elfes : roman;Barbery, Muriel
744;Nouveaut;28;L'oiseau de mauvais augure;Lckberg, Camilla
753;DVD tous publics;28;Ceci n'est pas un film [Images animes];
756;Numrique et multimdia adulte;28;Liseuse Sony 3 Chaptal [Ressource lectronique];
757;Livre adulte;28;Brsil [Texte imprim];
760;DVD tous publics;28;House of cards (US). Saison 1. pisodes 1  3 [Images animes];
764;DVD tous publics;28;Diplomatie [Images animes];
769;DVD > 12 ans;28;American Horror Story [Images animes];
771;Bande dessine adulte;28;La Lune est blanche : un rcit d' Emmanuel Lepage [Texte imprim];Lepage, Franois
784;DVD tous publics;27;Downton Abbey. Saison 5. pisodes 1  6 [Images animes];
785;DVD nouveauts tous publics;27;Leons d'harmonie [Images animes];
791;Livre adulte;27;Le journal d'une femme de chambre [Texte imprim];Mirbeau, Octave
792;Livre ado;27;Le voleur de foudre [Texte imprim];Riordan, Rick
795;Bande dessine ado;27;Duel de belles;Delaf
800;Livre jeunesse;27;Baisers et coquillages;Tessier, Grgory
806;;27;La guerre des clans : le pouvoir des toiles. 4. Eclipse;Hunter, Erin
812;Bande dessine adulte;27;Last Man. 4 [Texte imprim];Balak
816;Bande dessine jeunesse;27;Naruto [Texte imprim]. 63;Kishimoto, Masashi
822;DVD tous publics;27;Albert  l'Ouest [Images animes];
828;DVD tous publics;26;Eden [Images animes];
832;Bande dessine adulte;26;Monstrueux [Texte imprim];Kirkman, Robert
836;DVD tous publics;26;Matilda [images animes];
2;Livre adulte;536;Le royaume [Texte imprim];Carrre, Emmanuel
7;Nouveaut;328;Charlotte [Texte imprim] : roman;Foenkinos, David
9;Livre adulte;295;Le capital au XXIe sicle [Texte imprim];Piketty, Thomas
19;;186;Americanah [Texte imprim] : roman;Adichie, Chimamanda Ngozi
23;;177;Cinquante nuances de Grey : roman;James, E. L.
29;;156;Le voyant [Texte imprim];Garcin, Jrme
31;;153;True Detective [Images animes];
37;DVD tous publics;145;Lviathan [Images animes];
38;Nouveaut;143;Et rien d'autre [Texte imprim];Salter, James
43;DVD tous publics;137;Sils Maria [Images animes];
45;DVD tous publics;136;Game of Thrones [Images animes];
50;;131;La faiseuse d'anges [Texte imprim];Lckberg, Camilla
52;DVD tous publics;127;House of cards [Images animes] : saison 1;
57;DVD tous publics;120;Elle l'adore [Images animes];
59;;118;Muchachas [Texte imprim]. 2;Pancol, Katherine
62;Livre adulte;117;Le jour o j'ai appris  vivre : roman;Gounelle, Laurent
74;;111;Echapper [Texte imprim] : roman;Duroy, Lionel
79;Bande dessine adulte;109;Bonny and Pierrot;Lupano
81;DVD tous publics;108;Maps to the stars [Images animes];
82;Livre adulte;107;L'affaire Cendrillon [Texte imprim];Clark, Mary Higgins
85;Bande dessine adulte;105;Ceux qui restent [Texte imprim];Lupano
88;DVD tous publics;104;Bande de filles [Images animes];
93;DVD tous publics;98;La grande bellezza [Images animes];
107;Livre adulte;91;Le marchand de sable [Texte imprim];Kepler, Lars
111;Bande dessine adulte;89;Pourvu que les bouddhistes se trompent [Texte imprim];Larcenet, Manu
117;;88;Un an aprs [Texte imprim];Wiazemsky, Anne
125;DVD tous publics;84;Mad Men. Saison 6 [Images animes];
127;DVD tous publics;84;Still the Water [Images animes];
132;CD adulte;83;Gold shadow [enregistrement sonore];Avidan, Asaf
134;Bande dessine adulte;82;L'apocalypse selon saint Jacky;Larcenet, Manu
137;CD adulte;82;Bird People [Images animes];
138;Livre jeunesse;81;Ca fait suer ! : guide de survie en milieu hostile;Kinney, Jeff
140;DVD tous publics;81;Les Garons et Guillaume,  table ! [Images animes];
147;Bande dessine adulte;79;Sur le sentier de la guerre [Texte imprim];Kirkman, Robert
148;Nouveaut;79;Une main encombrante [Texte imprim] : une enqute indite de Wallander;Mankell, Henning
151;Bande dessine jeunesse;78;Coeur du pass [Texte imprim];Sobral, Patrick
152;Bande dessine adulte;78;Blast. 3;Larcenet, Manu
174;Livre jeunesse;73;A la mode de chez nous [Texte imprim];Cazenove
176;;73;Danser les ombres [Texte imprim];Gaud, Laurent
183;Nouveaut;70;Un membre permanent de la famille [Texte imprim];Banks, Russell
190;DVD tous publics;69;Homeland [Images animes];
201;Livre adulte;67;Lisbonne [texte imprim];Josse, Pierre
203;Livre adulte;67;Extra pure [Texte imprim] : voyage dans l'conomie de la cocane;Saviano, Roberto
216;DVD tous publics;64;Nos toiles contraires [Images animes];
217;Livre adulte;63;Le ver  soie [Texte imprim];Galbraith, Robert
221;Livre jeunesse;62;Le cycle d'Anathos : la marque du destin;Sobral, Patrick
228;Bande dessine ado;61;Je crois que je t'aime;Lyfoung, Patricia
230;;61;Chroniques de Jrusalem;Delisle, Guy
231;DVD tous publics;61;Margin Call [Images animes];
238;;60;Cosmos [Texte imprim];Onfray, Michel
240;DVD tous publics;60;Hunger games. La rvolte [Images animes] : partie 1;
251;Nouveaut;59;Le garon qui ne parlait pas [Texte imprim];Leon, Donna
261;Livre adulte;59;La pyramide de glace [Texte imprim];Parot, Jean-Franois
263;Nouveaut musique;59;Ibeyi [enregistrement sonore];
271;DVD tous publics;58;The Two Faces of January [Images animes];
273;Nouveaut musique;58;The Wanderings of The Avener [enregistrement sonore];The Avener
277;DVD tous publics;57;Les amours imaginaires [Images animes];
293;Livre adulte;55;Rome [Texte imprim];Josse, Pierre
296;Livre jeunesse;54;C'est elle qui a commenc;Cazenove, Christophe
300;DVD tous publics;54;Le procs de Vivian Amsalem [Images animes];
301;DVD tous publics;54;The Double [Images animes];
303;Livre jeunesse;53;Un air de famille [Texte imprim];Cazenove
309;Livre jeunesse;52;Le fils de Neptune;Riordan, Rick
310;Bande dessine jeunesse;52;Lou !. 6. L'ge de cristal [Texte imprim];Neel, Julien
313;DVD tous publics;52;La vie rve de Walter Mitty [Images animes];
317;Bande dessine jeunesse;51;Chi, une vie de chat. 5;Konami, K.
324;;50;La rose carlate. 7. Tu seras toujours  moi;Lyfoung, Patricia
325;Livre jeunesse;50;Hros de l'Olympe. 3. La marque d'Athna;Riordan, Rick
336;Livre adulte;49;Arrtez-moi [Texte imprim] : roman;Gardner, Lisa
338;Bande dessine ado;48;Lou !. 5;Neel, Julien
354;Livre adulte;47;Cent ans de solitude [Texte imprim];Garcia Marquez, Gabriel
356;DVD tous publics;47;Top of the Lake [Images animes];
358;DVD tous publics;47;Hunger Games - L'embrasement [Images animes];
360;Nouveaut;47;Le dtroit du Loup [Texte imprim];Truc, Olivier
366;Bande dessine adulte;46;Pass dcompos. 1 [Texte imprim];Kirkman, Robert
372;Livre adulte;46;Berlin [Texte imprim] : 2014 : avec le Brandebourg;Gloaguen, Philippe
376;Livre adulte;46;Le liseur du 6h27 [texte imprim];Didierlaurent, Jean-Paul
377;DVD tous publics;46;Tristesse club [Images animes];
385;Livre adulte;45;Dossier 64 [Texte imprim] : la quatrime enqute du Dpartement V : roman;Adler-Olsen, Jussi
390;DVD tous publics;44;Le juge [Images animes];
396;DVD tous publics;44;Hunger Games [Images animes];
408;Bande dessine jeunesse;43;Chi, une vie de chat. 6;Konami, Kanata
409;DVD tous publics;43;Barbara [Images animes];
414;DVD > 12 ans;43;Snowpiercer, Le Transperceneige [Images animes];
423;Livre jeunesse;42;Mortelle Adle. 4. J'aime pas l'amour;Tan
432;Livre adulte;42;Viscres [Texte imprim];Hayder, Mo
434;DVD tous publics;42;Avant d'aller dormir [Images animes];
443;Livre adulte;41;Confiteor [Texte imprim];Cabr, Jaume
447;Bande dessine adulte;41;Ezchiel;Kirkman, Robert
448;Livre adulte;41;Last Man [Texte imprim]. 5;Balak
455;DVD tous publics;41;Le conte de la princesse Kaguya [Images animes];
460;Bande dessine jeunesse;40;Le zoo ptrifi;Chamblain, Joris
465;DVD > 18 ans;40;Nymphomaniac [Images animes];
473;Livre adulte;39;L'hiver du monde [Texte imprim] : roman;Follett, Ken
493;DVD tous publics;38;Mad Men [Images animes];
497;DVD > 12 ans;37;Homeland [Images animes] : Saison 4;
505;Bande dessine jeunesse;37;La quatrime dimension et demie;Vehlmann, Fabien
512;DVD tous publics;37;Jersey Boys [Images animes];
513;Livre adulte;37;Portugal [texte imprim];Gloaguen, Philippe
515;Bande dessine adulte;36;Cette vie derrire nous [Texte imprim];Kirkman, Robert
589;Livre adulte;34;La chair interdite [Texte imprim];Ducret, Diane
599;Bande dessine ado;33;Je savais que je te rencontrerais [Texte imprim];Lyfoung, Patricia
601;DVD tous publics;33;Treme [Images animes];
602;Livre adulte;33;Profanation : roman;Adler-Olsen, Jussi
612;Nouveaut;33;Le roi disait que j'tais diable [texte imprim] : roman;Dupont-Monod, Clara
614;DVD tous publics;33;Treme [Images animes];
621;DVD nouveauts tous publics;32;Horns [Images animes];
623;Bande dessine jeunesse;32;Quartier lointain. 1 [Texte imprim];Taniguchi, Jir
627;Livre jeunesse;32;Bleu saphir;Gier, Kerstin
637;DVD tous publics;32;Nebraska [Images animes];
638;DVD tous publics;32;No [Images animes];
640;Nouveaut;32;Joseph [Texte imprim];Lafon, Marie-Hlne
646;Nouveaut musique;31;Tracker [Enregistrement sonore];Knopfler, Mark
651;DVD tous publics;31;Hiroshima mon amour [Images animes];Resnais, Alain
654;Livre adulte;31;La bataille du labyrinthe;Riordan, Rick
661;DVD tous publics;31;Breaking bad [Images animes] : saison 4 ; Bryan Cranston, Anna Gunn, Aaron Paul... [et al.], act.
664;Livre adulte;31;Faillir tre flingu [Texte imprim];Minard, Cline
666;Bande dessine jeunesse;31;Les arnes [Texte imprim];Vehlmann, Fabien
679;DVD tous publics;31;Mange tes morts - Tu ne diras point [Images animes];
680;Nouveaut musique;30;Eleor [enregistrement sonore];Dominique A
681;DVD tous publics;30;Comment je me suis disput [Images animes] : ma vie sexuelle;Desplechin, Arnaud
686;Bande dessine adulte;30;Aya de Yopougon. 4 [Texte imprim];Abouet, Marguerite
693;Bande dessine jeunesse;30;Chi, une vie de chat. 8;Konami, Kanata
695;DVD tous publics;30;Indian Palace [Images animes];
698;DVD tous publics;30;Hannah Arendt [Images animes];
705;Nouveaut musique;29;Currency of man [Enregistrement sonore];Gardot, Melody
708;DVD tous publics;29;Before sunset [Images animes];Linklater, Richard
718;DVD tous publics;29;Treme [Images animes] : saison 2;
730;;29;Tara Duncan [Texte imprim]. 12. L'ultime combat;Audouin-Mamikonian, Sophie
738;Bande dessine adulte;28;Marie [Texte imprim];
739;Livre adulte;28;Plateforme [Texte imprim];Houellebecq, Michel
742;Livre jeunesse;28;Les cairns rouges [Texte imprim];Vehlmann, Fabien
748;Livre jeunesse;28;La guerre des clans : le pouvoir des toiles. 3. Banni;Hunter, Erin
750;Livre adulte;28;Portugal : 2013;Gloaguen, Philippe
754;DVD tous publics;28;Before midnight [Images animes];
762;Livre adulte;28;Bali, Lombok [Texte imprim] : + Borobudur, Prambanan et les volcans de Java : 2014-2015;Gloaguen, Philippe
767;DVD tous publics;28;Zero Theorem [Images animes];
773;Bande dessine adulte;28;Last Man [Texte imprim]. 6;Balak
774;Bande dessine jeunesse;28;Fairy Tail. 40 [texte imprim];Mashima, Hiro
776;;28;Pas de bol ! [Texte imprim];Kinney, Jeff
778;DVD tous publics;28;Quand vient la nuit [Images animes];
779;DVD tous publics;28;Hercule [Images animes];
780;DVD tous publics;28;Maintenant ou jamais [Images animes];
782;Nouveaut;27;La politesse [Texte imprim];Bgaudeau, Franois
783;Nouveaut;27;Mmoires (TP) [Texte imprim];Klarsfeld, Serge
793;Livre adulte;27;L'autre moiti du soleil [Texte imprim] : roman;Adichie, Chimamanda Ngozi
796;Livre adulte;27;Le tailleur de pierre;Lckberg, Camilla
798;Livre adulte;27;Apprends-moi  faire seul : la pdagogie Montessori explique aux parents;Poussin, Charlotte
802;Bande dessine adulte;27;Olympe de Gouges;Catel
803;DVD tous publics;27;Downton Abbey. Saison 1. Disques 2 & 3 [Images animes];
804;Nouveaut;27;Je vais mieux : roman;Foenkinos, David
809;Livre adulte;27;La dernire fugitive [Texte imprim];Chevalier, Tracy
820;Livre adulte;27;L'art presque perdu de ne rien faire [Texte imprim];Laferrire, Dany
834;Livre jeunesse;26;La guerre des clans : la dernire prophtie. 3. Aurore;Hunter, Erin
842;Livre adulte;26;Sicile;Ardito, Fabrizio
845;DVD jeunesse;26;Les enfants loups, Ame & Yuki [Images animes];
851;Livre ado;26;Fairy Tail [Texte imprim]. 35;Mashima, Hiro
859;DVD tous publics;26;Les Gazelles [Images animes];
868;Bande dessine jeunesse;26;Mairunovich [Texte imprim]. 6;Sato, Zakuri
872;;26;Enemy [Images animes];
873;Nouveaut musique;26;Shadows in the night [enregistrement sonore];Dylan, Bob
878;DVD nouveauts tous publics;25;Les souvenirs [Images animes];
880;Nouveaut;25;Mirage [Texte imprim];Kennedy, Douglas
882;Livre adulte;25;L'Homme de Kiev [Texte imprim];Malamud, Bernard
885;Livre adulte;25;Rouge Brsil [Texte imprim];Rufin, Jean-Christophe
888;Livre adulte;25;Trait sur la tolrance [Texte imprim];Voltaire
889;Livre adulte;25;Robe de mari [Texte imprim];Lematre, Pierre
890;Livre ado;25;Mad dogs;Muchamore, Robert
893;DVD tous publics;25;Mad men. Intgrale saison 3 [Images animes];
902;Nouveaut;25;Pietra viva [Texte imprim];Rcondo, Lonor de
929;Livre adulte;24;Le roi Arthus : drame lyrique en trois actes et six tableaux [Texte imprim];Chausson, Ernest
931;DVD tous publics;24;Party girl [Images animes];
933;DVD tous publics;24;Cold in july [Images animes];
948;DVD tous publics;24;Inception [Images animes];
954;DVD > 12 ans;24;Hatufim [Images animes];
970;;24;La fleur du capital [Texte imprim];Orengo, Jean-Nol
972;Nouveaut;24;Le message du martyr [Texte imprim];Sente, Yves
978;CD adulte;23;La vague [Enregistrement sonore];Izia
985;DVD tous publics;23;Before sunrise [Images animes];Linklater, Richard
997;Nouveaut;23;La tristesse du samoura [Texte imprim] : roman;Arbol, Victor del
964;DVD tous publics;24;Dans l'ombre de Mary [Images animes];
965;CD adulte;24;1000 Forms of Fear [Enregistrement sonore];Sia
982;Livre adulte;23;Dans le caf de la jeunesse perdue [Texte imprim] : roman;Modiano, Patrick
986;Livre adulte;23;Alan Turing ou L'nigme de l'intelligence [Texte imprim];Hodges, Andrew
989;Revue adulte;23;L'Histoire [texte imprim];
999;Livre adulte;23;La carte et le territoire : roman;Houellebecq, Michel
1;;940;Soumission [Texte imprim];Houellebecq, Michel
3;;472;Vernon Subutex [Texte imprim]. 1;Despentes, Virginie
6;Nouveaut;339;Pas pleurer [Texte imprim];Salvayre, Lydie
10;Nouveaut;257;Pour que tu ne te perdes pas dans le quartier [Texte imprim];Modiano, Patrick
13;Livre adulte;208;Aux portes de l'ternit [Texte imprim];Follett, Ken
18;;190;Rparer les vivants [Texte imprim];Kerangal, Maylis de
24;Livre adulte;175;Divergente : diffrente, dtermine, dangereuse. 3;Roth, Veronica
27;Nouveaut;168;Au revoir l-haut [Texte imprim] : roman;Lemaitre, Pierre
28;Livre ado;166;Le remde mortel [Texte imprim];Dashner, James
30;DVD tous publics;154;Boyhood [Images animes];
41;;139;Central Park [Texte imprim];Musso, Guillaume
56;DVD tous publics;121;Lucy [Images animes];
61;DVD tous publics;117;House of cards (US) [Images animes]. Saison 2;
71;Nouveaut;111;Muchachas [Texte imprim] : roman;Pancol, Katherine
77;Nouveaut;109;L'instant prsent [Texte imprim];Musso, Guillaume
87;DVD tous publics;105;La prochaine fois je viserai le coeur [Images animes];
91;DVD tous publics;100;Night Call [Images animes];
94;DVD tous publics;98;Divergente [Images animes];
95;Livre adulte;98;L'homme qui ment [Texte imprim];Lavoine, Marc
98;DVD tous publics;96;Winter Sleep [Images animes];
100;DVD tous publics;95;Saint Laurent [Images animes];
120;DVD nouveauts tous publics;85;Timbuktu [Images animes];
122;Nouveaut;85;N'oublier jamais [Texte imprim] : roman;Bussi, Michel
130;Nouveaut;83;Grav dans le sable;Bussi, Michel
131;DVD tous publics;83;Black Coal [Images animes];
136;DVD tous publics;82;The Lunchbox [Images animes];
139;Livre adulte;81;Le meilleur mdicament, c'est vous !;Saldmann, Frdric
145;Livre adulte;80;Tokyo, Kyoto et environs [Texte imprim] : 2014;Gloaguen, Philippe
146;DVD tous publics;80;Eastern Boys [Images animes];
156;DVD tous publics;78;Les gardiens de la Galaxie [Images animes];
165;Bande dessine adulte;76;Une autre vie [Texte imprim];Kirkman, Robert
177;Nouveaut musique;72;Reason [enregistrement sonore];Selah Sue
180;DVD tous publics;71;Le Majordome [Images animes];
181;DVD tous publics;71;P'tit Quinquin [Images animes];
184;DVD tous publics;70;Mtamorphoses [Images animes];
197;Livre jeunesse;68;Carrment claustro;Kinney, Jeff
213;Nouveaut;64;Ceux qui tombent [texte imprim] : roman;Connelly, Michael
226;Livre adulte;61;Trop intelligent pour tre heureux ? [Texte imprim] : l'adulte surdou;Siaud-Facchin, Jeanne
233;DVD tous publics;61;X-Men : Days of Future Past [Images animes];
249;Nouveaut;60;Kobra [Texte imprim] : roman;Meyer, Deon
253;Livre adulte;59;Les particules lmentaires [Texte imprim];Houellebecq, Michel
254;Revue adulte;59;Que choisir ? [texte imprim];
256;;59;Les Lgendaires. 14. L'hritage du mal;Sobral, Patrick
257;Livre adulte;59;Un avion sans elle : roman [Texte imprim];Bussi, Michel
260;Nouveaut;59;Le ravissement des innocents [Texte imprim];Selasi, Taiye
266;DVD tous publics;58;The Immigrant [Images animes];
272;DVD > 12 ans;58;Hatufim. Saison 2 [Images animes] : prisonniers de guerre;
274;DVD tous publics;57;The Giver [Images animes];
275;Bande dessine jeunesse;57;Le gardien [Texte imprim];Sobral, Patrick
281;DVD tous publics;56;Whiplash [Images animes];
282;;56;O es-tu ?;Lyfoung, Patricia
283;DVD tous publics;56;Alabama Monroe [Images animes];
284;;56;La petite communiste qui ne souriait jamais [Texte imprim];Lafon, Lola
287;DVD tous publics;56;On a failli tre amies [Images animes];
289;DVD tous publics;55;Mr. Turner [Images animes];
291;Livre jeunesse;55;Me pardonneras-tu ? [Texte imprim];Lyfoung, Patricia
297;Livre adulte;54;Sicile [Texte imprim];Maxwell, Virginia
299;DVD tous publics;54;The Fall [Images animes];
304;DVD tous publics;53;Monuments Men [Images animes];
307;Bande dessine ado;52;Je serai toujours avec toi;Lyfoung, Patricia
314;Livre adulte;52;Le complexe d'Eden Bellwether [Texte imprim];Wood, Benjamin
316;DVD tous publics;52;The Best Offer [Images animes];
323;Bande dessine jeunesse;50;Aube et crpuscule [Texte imprim];Sobral, Patrick
331;;50;Et tu n'es pas revenu [Texte imprim];Loridan-Ivens, Marceline
335;Livre adulte;49;L'analphabte qui savait compter;Jonasson, Jonas
339;Bande dessine jeunesse;48;C'est nikol crme !;Cazenove, Christophe
342;Livre adulte;48;Le gardien de phare;Lckberg, Camilla
343;DVD tous publics;48;Sur le chemin de l'cole [Images animes];
345;Livre adulte;48;Je suis Pilgrim [Texte imprim];Hayes, Terry
347;Livre adulte;48;Vietnam [Texte imprim];
365;DVD tous publics;47;The americans. Saison 2 [Images animes];
370;Livre adulte;46;Yeruldegger [Texte imprim];Manook, Ian
374;DVD > 12 ans;46;Nymphomaniac [Images animes];
375;Livre adulte;46;Pouilles [Texte imprim];Fiorillo, Sara
378;DVD tous publics;46;La ritournelle [Images animes];
394;Livre adulte;44;Les particules lmentaires;Houellebecq, Michel
401;Livre ado;44;Divergente : diffrente, dtermine, dangereuse. 1;Roth, Veronica
406;DVD tous publics;43;La chteau dans le ciel [Images animes];Miyazaki, Hayao
411;Livre jeunesse;43;Les filles au chocolat. 4. Coeur Coco;Cassidy, Cathy
412;Livre adulte;43;Islande;Parnell, Fran
418;DVD tous publics;43;La Notte [Images animes];
426;;42;Black Friday [Texte imprim];Muchamore, Robert
429;;42;Six ans dj [Texte imprim];Coben, Harlan
430;Bande dessine jeunesse;42;Les lgendaires : Les origines. 03. Gryfenfer [Texte imprim];Sobral, Patrick
442;Livre adulte;41;Juste avant le bonheur : roman;Ledig, Agns
444;Livre adulte;41;Indonsie [Texte imprim];
451;DVD tous publics;41;La chambre bleue [Images animes];
461;;40;L'lite;Cass, Kiera
468;Nouveaut;40;La France priphrique [Texte imprim] : comment on a sacrifi les classes populaires;Guilluy, Christophe
469;Nouveaut musique;40;Acoustique [Enregistrement sonore];Lavilliers, Bernard
471;Nouveaut;39;1Q84. 3. Octobre-dcembre;Murakami, Haruki
472;Bande dessine jeunesse;39;Chi, une vie de chat. 7;Konami, Kanata
475;Livre adulte;39;Demain est un autre jour;Spielman, Lori Nelson
476;DVD tous publics;39;Breaking Bad [Images animes] : Saison 5;
492;Livre adulte;38;La petite fille qui avait aval un nuage grand comme la tour Eiffel [Texte imprim];Purtolas, Romain
496;DVD tous publics;38;Qui vive [Images animes];
501;DVD tous publics;37;New York Melody [Images animes];
502;CD adulte;37;Carrie & Lowell [enregistrement sonore];Stevens, Sufjan
503;Livre adulte;37;Personne ne le croira [Texte imprim];MacDonald, Patricia J.
508;DVD tous publics;37;Downton Abbey. Saison 1. Disque 1 [Images animes];
514;DVD tous publics;37;Boardwalk Empire [Images animes];
516;DVD tous publics;36;Harry Potter et la chambre des secrets [Images animes];Columbus, Chris
519;Livre adulte;36;King Kong Thorie [Texte imprim];Despentes, Virginie
523;DVD jeunesse;36;Ponyo sur la falaise [Images animes];Miyazaki, Hayao
542;DVD tous publics;36;Get On Up [Images animes];
543;CD jeunesse;35;Wallflower [enregistrement sonore];Krall, Diana
544;DVD tous publics;35;Peaky Blinders [Images animes];
556;DVD tous publics;35;L'Amour est un crime parfait [Images animes];
557;Nouveaut;35;Le duel [texte imprim];Arnaldur Indridason
561;DVD tous publics;35;Last Days of Summer [Images animes];
564;DVD tous publics;35;Blue Ruin [Images animes];
565;DVD tous publics;35;Swim Little Fish Swim [Images animes];
576;;34;Misricorde;Adler-Olsen, Jussi
580;;34;Dlivrance : roman;Adler-Olsen, Jussi
592;DVD tous publics;34;Masters of Sex [Images animes];
595;CD adulte;33;Be sensational [Enregistrement sonore];Added, Jeanne
603;DVD tous publics;33;Borgen [Images animes];
604;DVD tous publics;33;Le pass [Images animes];
606;Livre adulte;33;Allemagne [Texte imprim] : sans Berlin et le Brandebourg : 2014;Gloaguen, Philippe
610;DVD tous publics;33;La cour de Babel [Images animes];
613;Nouveaut musique;33;This is all yours [Enregistrement sonore];
617;Livre adulte;33;Mr Mercedes [Texte imprim] : roman;King, Stephen
630;DVD tous publics;32;The Master [Images animes];
631;DVD tous publics;32;Le Hobbit [Images animes];
644;Nouveaut;32;Rudik, l'autre Noureev [Texte imprim] : roman;Grimbert, Philippe
657;Nouveaut;31;1Q84. 1. Avril-juin;Murakami, Haruki
659;Livre jeunesse;31;Harry Potter et la chambre des secrets;Rowling, Joanne Kathleen
665;Bande dessine jeunesse;31;Tout pour lui plaire ! [Texte imprim];Cazenove, Christophe
672;DVD tous publics;31;Utopia [Images animes];
673;Bande dessine adulte;31;Tu seras merveilleuse, ma fille;Peeters, Frederik
682;Bande dessine ado;30;Un chemin en pente raide [Texte imprim];Oda, Eiichiro
691;;30;Ariol. 7. Le matre-chien;Guibert, Emmanuel
700;Livre adulte;30;Ecosse [Texte imprim] : 2014-2015;Gloaguen, Philippe
703;Livre adulte;30;Deux gouttes d'eau [Texte imprim];Expert, Jacques
712;Livre jeunesse;29;Harry Potter  l'cole des sorciers;Rowling, Joanne Kathleen
715;Bande dessine jeunesse;29;Mon coup d'soleil, c'est toi !;Cazenove, Christophe
726;Livre adulte;29;Budapest, Hongrie [Texte imprim] : 2014-2015;Gloaguen, Philippe
732;Livre en langue trangre;29;Chri-chri [Texte imprim];Djian, Philippe
736;CD adulte;28;Eternels jusqu' demain [Enregistrement sonore];Dutronc, Thomas
737;Livre adulte;28;Dessiner grce au cerveau droit [Texte imprim];Edwards, Betty Anne
745;Bande dessine jeunesse;28;Quelle chouchoute !;Maury, William
759;Nouveaut;28;Police [Texte imprim];Nesbo, Jo
763;DVD tous publics;28;Sherlock. Saison 3 [Images animes];
775;;28;Largo Winch [Texte imprim]. 19. Chass-crois;Francq, Philippe
777;DVD > 18 ans;28;The Tribe [Images animes];
786;Nouveaut;27;Daisy sisters [Texte imprim];Mankell, Henning
787;DVD tous publics;27;L'affaire SK1 [Images animes];
788;DVD tous publics;27;Phoenix [Images animes];
790;Livre adulte;27;Extension du domaine de la lutte [Texte imprim];Houellebecq, Michel
797;;27;Coucher de soleil;Hunter, Erin
807;Livre adulte;27;A quelques secondes prs [Texte imprim];Coben, Harlan
810;Livre adulte;27;Persona [Texte imprim];Sund, Erik Axl
817;CD adulte;27;In the lonely hour [enregistrement sonore];Smith, Sam
821;Livre adulte;27;Hokusai [Texte imprim] : exposition, Paris, Grand Palais, du 1er octobre 2014- 20 novembre 2014, 1er dcembre 2014-18 janvier 2015;
825;Nouveaut;27;J'aimais mieux quand c'tait toi [Texte imprim];Olmi, Vronique
826;DVD tous publics;27;The Salvation [Images animes];
829;Bande dessine ado;26;Naruto. 5 [Texte imprim];Kishimoto, Masashi
831;Bande dessine ado;26;Les liens de l'amiti [Texte imprim];Delaf
837;Livre adulte;26;Prine : arrtons le massacre ! : prvenir et rparer les erreurs rptes dans la vie quotidienne, la maternit, le sport...;Gasquet, Bernadette de
841;Nouveaut;26;Les dragons de Meereen : roman;Martin, George R.R.
843;Nouveaut;26;Incurables;Kepler, Lars
844;Livre adulte;26;Berlin : le guide;Schulte-Peevers, Andrea
846;Livre adulte;26;Ecosse;Wilson, Neil
849;Livre adulte;26;Londres [Texte imprim] : 2014;Gloaguen, Philippe
855;Livre adulte;26;Grce continentale [Texte imprim];
857;CD adulte;26;Ultraviolence [Enregistrement sonore];Del Rey, Lana
864;DVD > 16 ans;26;The Raid 2 [Images animes];
870;Livre adulte;26;Angleterre, pays de Galles [Texte imprim] : 2015 : sans Londres;Gloaguen, Philippe
871;CD adulte;26;Restriction [enregistrement sonore];
883;Bande dessine adulte;25;Shenzhen [Texte imprim];Delisle, Guy
884;Livre adulte;25;A rebours [Texte imprim];Huysmans, Joris-Karl
886;Livre ado;25;Les survivants [Texte imprim] : mission 5;Muchamore, Robert
887;Bande dessine ado;25;Pour qui tu te prends ? [Texte imprim];Delaf
892;DVD tous publics;25;Mad men [Images animes] : saison 2;Hamm, Jon
897;Bande dessine adulte;25;Tu mourras moins bte. 2;Montaigne, Marion
898;Livre adulte;25;Pays baltes : Estonie, Lettonie et Lituanie;
899;CD adulte;25;Different pulses [enregistrement sonore];Avidan, Asaf
904;Livre adulte;25;Slovnie [texte imprim];Baker, Mark
905;Nouveaut;25;Plonger [Texte imprim] : roman;Ono-dit-Biot, Christophe
908;Livre ado;25;Fairy Tail [Texte imprim]. 33;Mashima, Hiro
910;CD adulte;25;Vieux frres - partie 1 [Enregistrement sonore];
914;Bande dessine ado;25;Fairy Tail [Texte imprim]. 37;Mashima, Hiro
921;;25;Le bourreau de Gaudi [Texte imprim];Sainz de la Maza, Aro
924;Livre adulte;25;L'appel du mal [Texte imprim];Unger, Lisa
925;Nouveaut;25;Prends garde [Texte imprim] : [le roman];Agus, Milena
928;CD adulte;24;Soul power [Enregistrement sonore];Harding, Curtis
935;Bande dessine adulte;24;L'Arabe du futur [Texte imprim]. 2. Une jeunesse au Moyen-Orient, 1984-1985;Sattouf, Riad
936;DVD > 16 ans;24;Mad Max [Images animes];Miller, George
947;Livre adulte;24;Abdominaux, arrtez le massacre ! : mthode abdologie de Gasquet : protgez votre dos et travaillez vos abdominaux pour renforcer votre capital-abdos et tonifier votre silhouette;Gasquet, Bernadette de
949;Nouveaut;24;Dans les forts de Sibrie : fvrier-juillet 2010;Tesson, Sylvain
950;Bande dessine adulte;24;Les ignorants : rcit d'une initiation croise;Davodeau, Etienne
951;Livre adulte;24;Tokyo, Kyoto et environs : 2012-2013;Gloaguen, Philippe
955;Livre ado;24;L'aventure commence [Texte imprim];Hunter, Erin
961;DVD tous publics;24;Downton Abbey. Saison 3. Episodes 6  8 + pisode spcial [Images animes];
838;;26;Quai d'Orsay : chroniques diplomatiques. 2;Lanzac, Abel
854;Bande dessine adulte;26;Cet t-l [Texte imprim];Tamaki, Mariko
861;DVD > 12 ans;26;The Bridge [Images animes];
863;DVD tous publics;26;Cupcakes [Images animes];
866;CD adulte;26;Our love [Enregistrement sonore];Caribou
869;Livre adulte;26;Thalande : + plonges ! : 2015;Gloaguen, Philippe
876;CD adulte;25;Sometimes I sit and think, and sometimes I just sit [Enregistrement sonore];Barnett, Courtney
894;Livre adulte;25;Le pouvoir du moment prsent : guide d'veil spirituel [Texte imprim];Tolle, Eckhart
896;Bande dessine jeunesse;25;Danal;Sobral, Patrick
903;DVD tous publics;25;Downton Abbey [Images animes]. Saison 2. Episodes 7  8;
906;Nouveaut;25;Moderne Olympia [Texte imprim];Meurisse, Catherine
907;Livre jeunesse;25;Cla et la porte des fantmes [Texte imprim];Brisou-Pellen, velyne
909;Livre adulte;25;Madrid, Castille [texte imprim];Gloaguen, Philippe
915;Livre adulte;25;Portugal [Texte imprim];Montagnon, Denis
917;Livre adulte;25;Le zoo de Mengele [Texte imprim];Nygardshaug, Gert
919;Bande dessine jeunesse;25;Sugar soldier [Texte imprim]. 5;Sakai, Mayu
920;Livre adulte;25;L'le du serment [Texte imprim] : roman;May, Peter
922;DVD tous publics;25;Le promeneur d'oiseau [Images animes];
926;Nouveaut;25;Les initis [Texte imprim];Bronnec, Thomas
932;CD adulte;24;Alain Chamfort [enregistrement sonore];Chamfort, Alain
940;Livre adulte;24;Par-del nature et culture [Texte imprim];Descola, Philippe
943;Livre adulte;24;La mthode Schopendauer [Texte imprim];Yalom, Irvin D.
946;Livre adulte;24;Naples et la Cte amalfitaine;Bonetto, Cristian
952;Livre ado;24;L'ange gardien;Muchamore, Robert
966;Livre adulte;24;Niki de Saint Phalle [Texte imprim] : exposition, Grand Palais, 17 septembre 2014-02 fvrier 2015;
974;Livre adulte;24;Bretagne Nord [Texte imprim] : 2015;Gloaguen, Philippe
980;DVD nouveauts tous publics;23;The november man [Images animes];
984;Bande dessine ado;23;A l'aube d'une grande aventure [Texte imprim];Oda, Eiichiro
987;DVD tous publics;23;Les Soprano . Intgrale Saison 1 [Images animes];
991;Bande dessine jeunesse;23;Fairy Tail. 12;Mashima, Hiro
992;DVD tous publics;23;La nuit au muse 2 [images animes];
993;Bande dessine adulte;23;Ernest Latulippe;Loisel, Rgis
998;Livre adulte;23;Canaries;Quintero, Josephine
1000;Livre adulte;23;Le braconnier du lac perdu : roman;May, Peter
12;;242;Le chardonneret [Texte imprim] : roman;Tartt, Donna
14;DVD tous publics;208;Les combattants [Images animes];
15;Nouveaut;199;En finir avec Eddy Bellegueule [Texte imprim] : roman;Louis, douard
25;DVD tous publics;174;Mommy [Images animes];
26;;171;La gaiet [Texte imprim];Lvy, Justine
34;DVD jeunesse;147;La reine des neiges [Images animes];
36;Nouveaut;145;L'extraordinaire voyage du fakir qui tait rest coinc dans une armoire Ikea [Texte imprim];Purtolas, Romain
39;Livre ado;140;Le labyrinthe. 1;Dashner, James
53;Nouveaut;123;La carte et le territoire : roman;Houellebecq, Michel
54;Livre ado;122;Divergente : diffrente, dtermine, dangereuse. 1;Roth, Veronica
58;Livre adulte;119;L'effet papillon [Texte imprim] : La cinquime enqute du Dpartement V;Adler-Olsen, Jussi
63;Livre ado;114;Nos toiles contraires;Green, John
66;DVD tous publics;113;Magic in the Moonlight [Images animes];
68;DVD tous publics;112;Under the Skin [Images animes];
69;Nouveaut;112;Merci pour ce moment;Trierweiler, Valrie
75;DVD tous publics;110;Yves Saint Laurent [Images animes];
83;Livre jeunesse;105;Rodrick fait sa loi [Texte imprim];Kinney, Jeff
84;Livre adulte;105;La vrit sur l'affaire Harry Quebert : roman;Dicker, Jol
89;Livre adulte;101;Le collier rouge [Texte imprim] : roman;Rufin, Jean-Christophe
92;Livre adulte;99;At least for now [enregistrement sonore];Clementine, Benjamin
97;;97;L'emprise [Texte imprim];Dugain, Marc
104;Nouveaut;92;En France;Aubenas, Florence
109;Nouveaut;90;A toute preuve [Texte imprim];Coben, Harlan
110;DVD tous publics;89;Quai d'Orsay [Images animes];
113;Livre adulte;89;Debout-Pay [Texte imprim];Gauz
114;DVD tous publics;88;Game of Thrones [Images animes];
135;DVD tous publics;82;La vie d'Adle [Images animes];
141;DVD tous publics;81;Dans la cour [Images animes];
144;DVD tous publics;81;L'institutrice [Images animes];
150;;79;Les nuits de Reykjavik [texte imprim];Arnaldur Indridason
162;Nouveaut;76;Tu me manques;Coben, Harlan
163;;76;Tu aurais d me laisser mourir [Texte imprim];Lyfoung, Patricia
164;Livre adulte;76;Evariste [Texte imprim];Dsrable, Franois-Henri
168;Nouveaut;75;Une autre ide du bonheur [Texte imprim];Lvy, Marc
169;DVD > 12 ans;75;The Walking Dead [Images animes]. Intgrale Saison 4;
173;DVD tous publics;74;States of Grace [Images animes];
178;Livre adulte;72;Iles grecques et Athnes [Texte imprim] : sans la Crte et les les Ioniennes : 2014;Gloaguen, Philippe
182;Nouveaut;70;Les mes blesses [Texte imprim];Cyrulnik, Boris
187;Bande dessine jeunesse;69;Frres ennemis [Texte imprim];Sobral, Patrick
189;DVD tous publics;69;Downtown Abbey [Images animes];
192;Livre adulte;69;Portugal [Texte imprim];
195;Bande dessine ado;68;J'irai voir Venise [Texte imprim];Lyfoung, Patricia
196;Bande dessine jeunesse;68;Chi, une vie de chat. 3;Konami, K.
198;Livre adulte;68;Et soudain, tout change;Legardinier, Gilles
206;DVD tous publics;66;Downton Abbey [Images animes] : saison 2;
209;DVD tous publics;65;Les hritiers [Images animes];
212;Livre jeunesse;64;Coeur guimauve;Cassidy, Cathy
215;Nouveaut musique;64;A bouche que veux-tu [Enregistrement sonore];
218;DVD tous publics;63;Downton Abbey [Images animes];
219;DVD tous publics;63;Vie sauvage [Images animes];
220;CD adulte;62;In extremis [Enregistrement sonore];Cabrel, Francis
225;Bande dessine jeunesse;61;Main du futur [Texte imprim];Sobral, Patrick
234;Livre adulte;61;L'inconnu du Grand Canal [Texte imprim];Leon, Donna
236;DVD > 12 ans;61;Fury [Images animes];
239;;60;Quinquennat [Texte imprim];Dugain, Marc
242;Livre adulte;60;Les gens heureux lisent et boivent du caf;Martin-Lugand, Agns
246;DVD tous publics;60;American Bluff [Images animes];
247;Livre adulte;60;L'incolore Tsukuru Tazaki et ses annes de plerinage [Texte imprim];Murakami, Haruki
255;Bande dessine jeunesse;59;Chi, une vie de chat. 4;Konami, K.
259;DVD tous publics;59;Philomena [Images animes];
264;DVD tous publics;58;Breaking bad. Intgrale saison 1 [Images animes];
267;Livre adulte;58;Portugal [Texte imprim] : 2014;Gloaguen, Philippe
268;Livre jeunesse;58;Un coeur  prendre [Texte imprim];Kinney, Jeff
269;Nouveaut;58;Jacob, Jacob [Texte imprim];Zenatti, Valrie
278;DVD tous publics;57;Inside Llewyn Davis [Images animes];
288;CD adulte;55;Older [Enregistrement sonore];Naim, Yael
527;DVD tous publics;36;Borgen. Saison 3 [Images animes];
533;DVD tous publics;36;Captain America [Images animes] : Le soldat de l'hiver;
534;Bande dessine jeunesse;36;Fairy Tail [Texte imprim]. 38;Mashima, Hiro
540;DVD tous publics;36;Bodybuilder [Images animes];
549;Bande dessine adulte;35;La vie secrte des jeunes [Texte imprim];Sattouf, Riad
551;Livre adulte;35;Antigone [Texte imprim];Anouilh, Jean
553;Bande dessine jeunesse;35;Jadina;Sobral, Patrick
563;Livre adulte;35;Bain de lune [Texte imprim];Lahens, Yanick
567;Bande dessine adulte;35;Bienvenue [Texte imprim];Abouet, Marguerite
568;DVD tous publics;35;Grace de Monaco [Images animes];
572;Livre adulte;34;Rue des boutiques obscures [Texte imprim];Modiano, Patrick
573;DVD jeunesse;34;Harry Potter et le Prince de sang-ml [Images animes];Yates, David
577;Nouveaut;34;Tu mourras moins bte. 1. La science, c'est pas du cinma !;Montaigne, Marion
584;DVD jeunesse;34;Mon voisin Totoro [Images animes];
587;Bande dessine adulte;34;Science un jour, science toujours ! [Texte imprim];Montaigne, Marion
588;Livre adulte;34;New York [Texte imprim];St Louis, Regis
594;DVD nouveauts tous publics;33;'71 [Images animes];
596;Livre jeunesse;33;Minuit [Texte imprim];Hunter, Erin
600;Livre adulte;33;Islande;Parnell, Fran
607;Livre adulte;33;Portugal [Texte imprim];
609;Nouveaut;33;L'homme de la montagne [Texte imprim] : roman;Maynard, Joyce
618;Nouveaut musique;33;Vieux frres [enregistrement sonore] : partie 2;
619;;32;Le principe [Texte imprim];Ferrari, Jrme
625;DVD tous publics;32;Harry Potter  l'cole des sorciers [Images animes];Columbus, Chris
629;Bande dessine jeunesse;32;Chi, une vie de chat. 9;Konami, Kanata
633;Bande dessine adulte;32;Mauvais genre [texte imprim];Cruchaudet, Chlo
641;Livre ado;32;Ma soeur est une artiste de guerre [Texte imprim];Carteron, Marine
643;;32;Cherub [Texte imprim]. 16. Hors-la-loi;Muchamore, Robert
650;Bande dessine adulte;31;Amour et mort [Texte imprim];Kirkman, Robert
656;Livre ado;31;Rouge rubis;Gier, Kerstin
662;DVD tous publics;31;Zero Dark Thirty [Images animes];
668;Livre adulte;31;Les mots qu'on ne me dit pas [Texte imprim];Poulain, Vronique
670;Livre adulte;31;Cuba [Texte imprim] : 2015;Gloaguen, Philippe
671;Livre adulte;31;Vietnam [Texte imprim];Gloaguen, Philippe
674;CD adulte;31;Stratgie de l'inespoir [Enregistrement sonore];Thifaine, Hubert-Flix
676;Nouveaut;31;Dix-sept ans [Texte imprim];Schneck, Colombe
678;DVD tous publics;31;Mademoiselle Julie [Images animes];
699;Livre adulte;30;Aux animaux la guerre [Texte imprim];Mathieu, Nicolas
702;Livre adulte;30;Les neuf cercles [Texte imprim];Ellory, Roger Jon
704;DVD tous publics;30;Serena [Images animes];
706;DVD tous publics;29;Mary Poppins [Images animes];Stevenson, Robert
713;DVD tous publics;29;Sherlock [Images animes] : saison 1 ; Benedict Cumberbatch, Una Stubbs act.
716;;29;Une danse avec les dragons [Texte imprim];Martin, George R.R.
719;DVD tous publics;29;Conversation secrte [Images animes];
724;Nouveaut;29;Murmurer  l'oreille des femmes [Texte imprim];Kennedy, Douglas
725;DVD tous publics;29;Treme [Images animes];
729;DVD tous publics;29;Rectify [Images animes];
731;DVD tous publics;29;Xenia [Images animes];
740;Bande dessine jeunesse;28;Journal infime [Texte imprim];Neel, Julien
741;DVD tous publics;28;C'est dur d'tre aim par des cons [Images animes];Leconte, Daniel
749;Bande dessine jeunesse;28;Anatole Latuile. 6. Pas de panique !;Didier, Anne
766;DVD tous publics;28;Babysitting [Images animes];
772;Nouveaut musique;28;Paris [Enregistrement sonore];Zaz
789;DVD tous publics;27;Imitation Game [Images animes];
799;Livre adulte;27;L'adulte surdou : apprendre  faire simple quand on est compliqu;Kermadec, Monique de
813;Livre adulte;27;Madre [Texte imprim];Follet, Jean-Philippe
815;Livre adulte;27;Italie du Sud [Texte imprim];Bonetto, Cristian
819;Livre adulte;27;Dans le jardin de l'ogre [Texte imprim];Slimani, Lela
833;Livre Fonds spcialiss;26;Ma vie balagan;Loridan-Ivens, Marceline
847;DVD tous publics;26;Downton Abbey [Images animes]. Saison 2. Episodes 1  6;
850;DVD tous publics;26;Homeland. Saison 2 [Images animes];
858;Bande dessine jeunesse;26;Mairunovich [Texte imprim]. 5;Sato, Zakuri
865;;26;Reconqurir le moment prsent... et votre vie [Texte imprim] : la mditation de la pleine conscience pour les dbutants;Kabat-Zinn, Jon
867;CD adulte;26;Ides blanches [Enregistrement sonore];Vianney
874;DVD tous publics;25;La maison de poupe [Images animes];
877;Livre adulte;25;Tout peut changer [Texte imprim] : capitalisme et changement climatique;Klein, Naomi
879;DVD tous publics;25;The Riot Club [Images animes];
900;Livre adulte;25;Romans;Modiano, Patrick
913;Nouveaut;25;Une enfance de rve [Texte imprim];Millet, Catherine
916;DVD tous publics;25;At Berkeley [Images animes];
918;Livre adulte;25;Paris vraiment pas cher 2015 [Texte imprim];Riou, Anne
934;Nouveaut;24;Prenez votre sant en main !;Saldmann, Frdric
938;Livre adulte;24;Fragments d'un discours amoureux [Texte imprim];Barthes, Roland
939;Bande dessine adulte;24;Aya de Yopougon. 2 [Texte imprim];Abouet, Marguerite
944;Livre adulte;24;Antimanuel d'conomie. 2. Les cigales [Texte imprim];Maris, Bernard
957;Nouveaut musique;24;If you wait [enregistrement sonore];
958;Livre adulte;24;Thalande [texte imprim] : 2014;Gloaguen, Philippe
959;Livre adulte;24;Florence [Texte imprim] : 2014;Gloaguen, Philippe
967;DVD tous publics;24;Du goudron et des plumes [Images animes];
971;DVD tous publics;24;Nos pires voisins [Images animes];
973;Livre adulte;24;Dieux de la pluie [Texte imprim];Burke, James Lee
976;DVD tous publics;23;Downton Abbey. Saison 4. pisodes 7  9 [Images animes];
981;Nouveaut musique;23;Sound & color [Enregistrement sonore];
988;Revue adulte;23;Beaux-arts magazine [texte imprim];
990;Bande dessine adulte;23;Montral;Loisel, Rgis
994;Livre adulte;23;Retour  Reims;Eribon, Didier
995;Bande dessine jeunesse;23;Chat mchant;Guibert, Emmanuel
478;Bande dessine ado;39;Le spectre de la Bastille [Texte imprim]. 2;Lyfoung, Patricia
482;DVD tous publics;39;Marie Heurtin [Images animes];
490;DVD tous publics;38;Winter sleep [Images animes];
495;DVD tous publics;38;White Bird [Images animes];
499;DVD tous publics;37;French [Images animes];
962;Livre adulte;24;Croatie [Texte imprim] : 2014-2015;
968;;24;Debout dans la tombe d'un autre [Texte imprim];Rankin, Ian
969;Bande dessine jeunesse;24;Mairunovich [Texte imprim]. 7;Sato, Zakuri
975;DVD tous publics;23;Downton Abbey. Saison 4. pisodes 1  6 [Images animes];
977;DVD tous publics;23;Les opportunistes [Images animes];
979;DVD nouveauts tous publics;23;Les nouveaux sauvages [Images animes];
983;Bande dessine ado;23;Pit filiale [Texte imprim];Oda, Eiichiro
996;DVD tous publics;23;Breaking bad. Saison 2. pisodes 1  7 [Images animes];
290;Nouveaut musique;55;The magic whip [Enregistrement sonore];
292;Livre adulte;55;Le code de la route Rousseau [Texte imprim] : dition 2015;
298;Livre adulte;54;Un monde flamboyant [Texte imprim];Hustvedt, Siri
302;DVD nouveauts tous publics;53;Paddington [Images animes];
315;Livre adulte;52;Venise [Texte imprim];Gloaguen, Philippe
318;;51;Les apparences;Flynn, Gillian
322;Livre ado;50;L'embrasement;Collins, Suzanne
326;Livre adulte;50;Islande : 2013-2014;Gloaguen, Philippe
329;DVD tous publics;50;Detective Dee 2 [Images animes] : La lgende du dragon des mers;
330;Bande dessine jeunesse;50;Le bton de Plutarque [Texte imprim];Sente, Yves
333;DVD tous publics;49;Le voyage de Chihiro [Images animes];Miyazaki, Hayao
334;DVD tous publics;49;Mad Men [Images animes] : saison 5;
344;DVD tous publics;48;All Is Lost [Images animes];
346;DVD > 12 ans;48;The Homesman [Images animes];
348;DVD tous publics;48;Malfique [Images animes];
350;Livre adulte;48;Une femme blesse [Texte imprim];Carrre d'Encausse, Marina
351;DVD tous publics;48;Bon rtablissement [Images animes];
355;Bande dessine jeunesse;47;La pierre de Jovnia [Texte imprim];Sobral, Patrick
357;DVD tous publics;47;Breaking Bad [Images animes];
362;;47;Le dernier des cinq trsors [Texte imprim];Chamblain, Joris